<?xml version="1.0" encoding="utf-8"?>
<extension type="component" version="1.6.0" method="upgrade">
	<name>timedlinklist</name>
	<creationDate>2012-04-30</creationDate>
	<copyright>Copyright (C) 2012. All rights reserved.</copyright>
	<license>GNU General Public License version 2 or later; see LICENSE.txt</license>
    <author>aldo praherda</author>
	<authorEmail>aldopraherda@gmail.com</authorEmail>
	<authorUrl>coralyn.com</authorUrl>
	<version>1.0.0</version>
	<description></description>

	<install> <!-- Runs on install -->
    	<sql>
        	<file driver="mysql" charset="utf8">sql/install.mysql.utf8.sql</file>
  		</sql>
    </install>
    <uninstall> <!-- Runs on uninstall -->
    	<sql>
        	<file driver="mysql" charset="utf8">sql/uninstall.mysql.utf8.sql</file>
  		</sql>
   </uninstall>

	<files folder="site">
		<filename>index.html</filename>
		<filename>timedlinklist.php</filename>
		<filename>controller.php</filename>
		<filename>router.php</filename>
		<folder>views</folder>
		<folder>models</folder>
		<folder>controllers</folder>
		<folder>helpers</folder>
	</files>
	<!--
	<languages folder="site">
		<language tag="en-GB">language/en-GB.com_timedlinklist.ini
		</language>
	</languages>
	-->
	<administration>
		<menu>COM_TIMEDLINKLIST</menu>
		<submenu>
			<menu link="option=com_timedlinklist&amp;view=links" view="links" img="class:links" alt="Timedlinklist/Links">COM_TIMEDLINKLIST_LINKS</menu>
			<menu link="option=com_timedlinklist&amp;view=types" view="types" img="class:types" alt="Timedlinklist/Types">COM_TIMEDLINKLIST_TYPES</menu>

        </submenu>
		<files folder="administrator">
			<filename>access.xml</filename>
			<filename>config.xml</filename>
			<filename>controller.php</filename>
			<filename>index.html</filename>
			<filename>timedlinklist.php</filename>
			<folder>controllers</folder>
			<folder>helpers</folder>
			<folder>models</folder>
			<folder>sql</folder>
			<folder>tables</folder>
			<folder>views</folder>
		</files>
		<languages folder="administrator">
			<language tag="en-GB">language/en-GB.com_timedlinklist.ini
			</language>
			<!--
			<language tag="en-GB">language/en-GB.com_timedlinklist.sys.ini
			</language>
			-->
		</languages>
	</administration>
</extension>

